date,text,source
2026-01-31,sporting fan def right!,r/ManchesterUnited
2026-01-31,cunha first manutd player score opponent cuns whose first three letters first three letters first name,r/ManchesterUnited
2026-01-31,prime time,r/ManchesterUnited
2026-01-31,"beat tottenham play next week, first time since 201011 beaten fellow big 6 rivals season. incredible!!",r/ManchesterUnited
2026-01-31,2011 wayne rooney,r/ManchesterUnited
2026-01-30,63 years agodenis law asleep train home wembley scoring fa cup final win leicester 1963,r/ManchesterUnited
2026-01-30,massive upgrade . talked enough means really good senne lammens,r/ManchesterUnited
2026-01-30,sesko needs start fulham,r/ManchesterUnited
2026-01-31,cant believe beat season,r/ManchesterUnited
2026-01-30,lazio fans left stadium empty protest owner.,r/ManchesterUnited
2026-01-30,"6 years ago, today january 30 , magician captain arrived. 200 goals contributions counting.. best signing post saf .. captain brunoooooooo",r/ManchesterUnited
2026-01-30,"united, dont dare kill pure bliss ive gotten used",r/ManchesterUnited
2026-01-30,become supporter?,r/ManchesterUnited
2026-01-31,applaud far bruno come tactically speaking,r/ManchesterUnited
2026-01-30,chinese president xi jinping tells uk prime minister starmer fan manchester united.,r/ManchesterUnited
2026-01-30,happy birthday berba,r/ManchesterUnited
2026-01-30,potential swap deal casado rashford,r/ManchesterUnited
2026-01-30,best signing post saf,r/ManchesterUnited
2026-01-30,rumours emerging could bidding war dalot come deadline day.,r/ManchesterUnited
2026-01-30,wazza mentality monster,r/ManchesterUnited
2026-01-30,anyone ready fulham match?,r/ManchesterUnited
2026-01-30,wouldnt mind selection since patrick,r/ManchesterUnited
2026-01-30,cunhabrunocunha . talked enough,r/ManchesterUnited
2026-01-31,didnt get new players transfer window chances getting top 4 season.,r/ManchesterUnited
2026-01-30,"bad squad considering one game week . starting 11 vs fulham , cunha sesko back team",r/ManchesterUnited
2026-01-29,"still cannot believe injury prone luke shaw started 23 man utds premier league games season. minutes man utd player season 2,004. credit due.....",r/ManchesterUnited
2026-01-31,lineup match prediction,r/ManchesterUnited
2026-01-31,michael carrick reveals best thing kobbie mainoo,r/ManchesterUnited
2026-01-30,january 17ths manchester derby earned 2m viewers peacock usa network,r/ManchesterUnited
2026-01-30,goretzka free cover cm next 23 years?,r/ManchesterUnited
2026-01-30,upon time...,r/ManchesterUnited
2026-01-30,important player post fergie?,r/ManchesterUnited
2026-01-29,dalot demand,r/ManchesterUnited
2026-01-30,januarys goal month decided! ggmu!,r/ManchesterUnited
2026-01-30,thanks facilities... take stockport tomorrow,r/ManchesterUnited
2026-01-30,oc united vs fulham preview beat midblock,r/ManchesterUnited
2026-01-29,dimitar berbatov born 45 years ago today,r/ManchesterUnited
2026-01-30,screamers only! top 10 goals v fulham old trafford,r/ManchesterUnited
2026-01-29,theatre dreams dark,r/ManchesterUnited
2026-01-30,stansportfc lisandro martinez quotes michael carrick,r/ManchesterUnited
2026-01-29,roberto de zerbi linked united job reportedly handed resignation marseille head coach,r/ManchesterUnited
2026-01-29,six years bruno fernandes manchester united,r/ManchesterUnited
2026-01-29,best player clubs history?,r/ManchesterUnited
2026-01-29,van persieee..,r/ManchesterUnited
2026-01-30,never stop loving united,r/ManchesterUnited
2026-01-30,best place buy match tickets?,r/ManchesterUnited
2026-01-29,pr shenanigans full swing! plonkers,r/ManchesterUnited
2026-01-29,gabriel got mad maguire ball incident refused shake hand end game? find comically ironic.,r/ManchesterUnited
2026-01-29,day 6 years ago manchester united signed bruno fernandes,r/ManchesterUnited
2026-01-29,dont let lose momentum 2 good wins.,r/ManchesterUnited
2026-01-30,"aside brilliant game, first goal scorer?",r/ManchesterUnited
2026-01-31,manu questions,r/ManchesterUnited
2026-01-29,thoughts next match? 01.02.26,r/ManchesterUnited
2026-01-29,renew release maguire?,r/ManchesterUnited
2026-01-30,info beanie hat,r/ManchesterUnited
2026-01-30,man utd v aston villa march 2026,r/ManchesterUnited
2026-01-29,de zerbi missing?,r/ManchesterUnited
2026-01-30,week 24 matches preview opinions,r/ManchesterUnited
2026-01-30,"continues, carrick given helm manchester united?",r/ManchesterUnited
2026-01-29,"rashford goal today, 8g10a barca season. barca sub saying hes great also acknowledging cant afford keep permanently due financial situation get scammed again?",r/ManchesterUnited
2026-01-30,"lets play little game describe manchester united dna, without mentioning anything fergierelated.",r/ManchesterUnited
2026-01-30,"casual friday free talk discussion thread, wordle edition.",r/ManchesterUnited
2026-01-30,sir bobby tells manchester united about!,r/ManchesterUnited
2026-01-29,summer transfers,r/ManchesterUnited
2026-01-29,damn really arent getting cm,r/ManchesterUnited
2026-01-30,utdvilla 14. march,r/ManchesterUnited
2026-01-28,nice see performing,r/ManchesterUnited
2026-01-29,"breaking news forbidden city president xi jinping talks football keir starmer says supports man utd also takes interest three teams arsenal, man city crystal palace. fact calls palace. starmer gobsmacked.",r/ManchesterUnited
2026-01-28,sensational.,r/ManchesterUnited
2026-01-29,2008 prime cr7,r/ManchesterUnited
2026-01-29,certain things better put together,r/ManchesterUnited
2026-01-30,please tell bollocks ...,r/ManchesterUnited
2026-01-30,claiming tickets,r/ManchesterUnited
2026-01-29,wonder kids going saudi. interested apparently interested bid month,r/ManchesterUnited
2026-01-29,shameful gabriel. people wonder arsenal hated much.,r/ManchesterUnited
2026-01-28,manchester united lost two premier league games since senne lammens made debut.,r/ManchesterUnited
2026-01-28,legend club imo,r/ManchesterUnited
2026-01-28,special one..,r/ManchesterUnited
2026-01-30,united realistic career road top roy keane manager,r/ManchesterUnited
2026-01-30,seat decision,r/ManchesterUnited
2026-01-28,club prem havent lost 5 games,r/ManchesterUnited
2026-01-29,think actually get transfers january window?,r/ManchesterUnited
2026-01-29,premier league top 50 ranking best players season,r/ManchesterUnited
2026-01-29,got notification post today... point,r/ManchesterUnited
2026-01-28,"heaven yoro coaches qualified, big improvements",r/ManchesterUnited
2026-01-29,first time old trafford,r/ManchesterUnited
2026-01-29,dalot instagram,r/ManchesterUnited
2026-01-29,ticket availability old trafford....,r/ManchesterUnited
2026-01-30,kobbi mainoo,r/ManchesterUnited
2026-01-30,deals looking hijack depth competition spots. lookman mateta 70 million combined,r/ManchesterUnited
2026-01-28,happens now?,r/ManchesterUnited
2026-01-29,man utds january goal month contenders! gets vote? ggmu!,r/ManchesterUnited
2026-01-28,dorgu premier league player match week,r/ManchesterUnited
2026-01-29,"football butterfly effect scholes, jose linesman",r/ManchesterUnited
2026-01-29,membership sanction,r/ManchesterUnited
2026-01-29,still stuck head!,r/ManchesterUnited
2026-01-29,arsenal fans x,r/ManchesterUnited
2026-01-28,could influence one contract extension would actually maguire?,r/ManchesterUnited
2026-01-28,cunha bruno song,r/ManchesterUnited
2026-01-28,real test team.,r/ManchesterUnited
2026-01-30,daily discussion,r/RedDevils
2026-01-30,free talk friday,r/RedDevils
2026-01-30,one winner. votes mean patrick claimed january goal month award,r/RedDevils
2026-01-30,breaking dorgus goal individuals pov vr,r/RedDevils
2026-01-31,"carl anka manchester united way folklore theory, something magic",r/RedDevils
2026-01-30,carl anka cunha? mount? amad? manchester united could replace patrick chinazaekpere dorgu,r/RedDevils
2026-01-30,"lisandro martinez need people understand quality, think carrick that. hes getting best everybody. me, touch heart, give everything hes touched already see pitch give everything.",r/RedDevils
2026-01-30,zirkzee instagram,r/RedDevils
2026-01-30,joe hugill joins kilmarnock permanent deal,r/RedDevils
2026-01-30,thanks facilities... take stockport tomorrow,r/RedDevils
2026-01-30,professional footballers association delivery portuguese magnifico red devils skipper bruno fernandes united pfa players player year top six award,r/RedDevils
2026-01-30,toby collyer joins hull city loan remainder season,r/RedDevils
2026-01-31,michael carrick reveals best thing kobbie mainoo,r/RedDevils
2026-01-30,"press conference carrick dorgus injury pat unfortunately going period time. still working that. itll weeks. many weeks, well wait see. zirkzee de ligt josh back training week. de ligt isnt training us yet",r/RedDevils
2026-01-30,taking anything granted order michael carrick prefulham press conference,r/RedDevils
2026-01-30,locked carrington inside training,r/RedDevils
2026-01-29,6 years ago today manchester united signed bruno fernandes,r/RedDevils
2026-01-30,"202526 premier league, eredivisie, bundesliga, ligue 1, serie a, belgian pro league, championship, la liga primeira liga tables could change gameweek",r/RedDevils
2026-01-30,matchday programme vs fulham,r/RedDevils
2026-01-29,starmer gifts xi football man utdarsenal match,r/RedDevils
2026-01-29,tyler fredricson set stay mufc month seeing loan move scuppered calf issue. several championship belgian pro league clubs registered interest united defender faces around four weeks simon peach,r/RedDevils
2026-01-29,simon stone manchester united steve holland could key revival michael carrick,r/RedDevils
2026-01-29,senne lammens making manchester united better,r/RedDevils
2026-01-29,man utds january goal month contenders!,r/RedDevils
2026-01-29,talk devils fulham truer test carricks man united?,r/RedDevils
2026-01-29,daily discussion,r/RedDevils
2026-01-29,england course fifth champions league spot,r/RedDevils
2026-01-28,amad laughs yoros new outfit,r/RedDevils
2026-01-28,patrick dorgu wins premier leagues player matchweek,r/RedDevils
2026-01-28,loan watch napoli 2 1 chelsea rasmus hojlund 43,r/RedDevils
2026-01-28,instagramthe vibes good carrington morning,r/RedDevils
2026-01-28,barcelona 4 1 fc copenhagen marcus rashford freekick 84,r/RedDevils
2026-01-28,man utd aston villa effective breaking low blocks whilst arsenal liverpool struggle,r/RedDevils
2026-01-28,squawka stats epl 2526,r/RedDevils
2026-01-28,rich fay understand united make move sign rennes forward kader meit deadline day. interest player described exaggerated,r/RedDevils
2026-01-28,andy mitten manchester united harry maguire conundrum,r/RedDevils
2026-01-28,graph premier league weighted nonpen xg 70 nonpen goals 30 gw23. last 10 played close game state 1 goal.,r/RedDevils
2026-01-28,every bruno fernandes assist season far!,r/RedDevils
2026-01-28,"man utd confirm academy coaching positions manchester united appointed adam lawrence under21s lead coach, end season.",r/RedDevils
2026-01-27,maguire gabriel full time whistle,r/RedDevils
2026-01-28,daily discussion,r/RedDevils
2026-01-27,premierleague ig lets take closer look goal,r/RedDevils
2026-01-27,"scott mctominay ive got much love respect carrick. two results vs man city arsenal amazing, especially watch. im very, proud players long may continue.",r/RedDevils
2026-01-28,frontrunners man united job?,r/RedDevils
2026-01-27,daisy maguire took us man utd vs man city,r/RedDevils
2026-01-27,diogo dalot instagram,r/RedDevils
2026-01-27,wheeler andre onanas representatives talks potential return inter milan man utd summer,r/RedDevils
2026-01-27,spidercam footage goals cityarsenal,r/RedDevils
2026-01-28,lastgasp winner! u18 highlights burnley 12 man utd,r/RedDevils
2026-01-27,laurie whitwell manchester uniteds patrick dorgu set miss around 10 weeks hamstring injury,r/RedDevils
2026-01-27,ed aarons understand manchester united considering stepping interest kader meit rennes held talks players entourage. 18yearold striker expected cost around 30m also interest al hilal,r/RedDevils
2026-01-27,michael carrick manager maguire mbeumo alan shearers pl team week,r/RedDevils
2026-01-27,"manchester united pleased announce collette roche appointed brandnew role club chief executive officer, new stadium development, formalising role leading clubs participation old trafford regeneration planning date.",r/RedDevils
2026-01-27,breakdown dorgu cunha goal individual feint moves,r/RedDevils
2026-01-27,patrick dorgu nominated pl player matchweek 23,r/RedDevils
2026-01-27,referee review harry maguires handball arsenal vs man. united,r/RedDevils
2026-01-27,harry maguire ayden heaven exclusive inside carrington ep 12,r/RedDevils
2026-01-26,mainoo listens cunhas advice,r/RedDevils
2026-01-27,david squires on... manchester united giving arsenal title wobbles,r/RedDevils
2026-01-27,daily discussion,r/RedDevils
2026-01-26,heart sleeve. united chest. red covered ground kobbie last two games,r/RedDevils
2026-01-26,optajoe 2 arsenal lost two games mikel arteta theyve scored least twice,r/RedDevils
2026-01-27,shock! manchester united stun arsenal emirates! arsenal 23 manchester united pl raw youtube,r/RedDevils
2026-01-27,"mark critchley, athletic transfer dealsheet latest man utd, arsenal, liverpool, real madrid",r/RedDevils
2026-01-26,premier league table matchday 23,r/RedDevils
2026-01-26,matheus cunhas goal vs arsenal 1st scored substitute united premier league season,r/RedDevils
2026-01-26,"laurie whitwell rewatching dorgus goal. comes end 5min spell united dominated possession, aside arsenal clearances, every player touching ball. move nine passes, six players, martinez punching lines spark. spectacular, built competency.",r/RedDevils
2026-01-26,harry maguire ig come punch another one clear us,r/RedDevils
2026-01-26,mike keegan good news manchester united food health inspectors hand fivestar rating,r/RedDevils
2026-01-26,united best performing side matches involving top 6,r/RedDevils
2026-01-26,"bruno fernandes registered 200th goal contribution manchester united yesterday 103 goals, 97 assists. among midfielders 2nd quickest 10th amongst players top 5 leagues, single club, century transfermarkt",r/RedDevils
2026-01-26,james ducker data showing man utds change recruitment strategy working,r/RedDevils
2026-01-26,shea laceys freekick goal united u21s 11 draw vs brighton pl2 carrington today,r/RedDevils
2026-01-26,"united vs. arse peter drury, intro goals closing",r/RedDevils
2026-01-26,luke shaw ig successful sunday london sound,r/RedDevils
2026-01-26,"phil jones prematch analysis game. dont see united going there, getting beat.",r/RedDevils
2026-01-26,simon stone carrick takes man utd back basics lammens,r/RedDevils
2026-01-26,chances arsenal,r/RedDevils
2026-01-26,pitchside cam dorgus goal,r/RedDevils
2026-01-26,updated top 20 pl goals arsenal!,r/RedDevils
2026-01-26,cunha bruno paul cleverlee,r/RedDevils
2026-01-25,"patrick dorgus goal peter drurys commentary dorgu, fernandes, dorgu, fernandes, dorgu againnnn patrick dorguuuuuuuuuuu",r/RedDevils
2026-01-26,matheus cunha goal vs arsenal every angle,r/RedDevils
2026-01-25,matheus cunha.,r/RedDevils
2026-01-25,patrick dorgu replying evra learned best. ive seen goal bayern,r/RedDevils
2026-01-26,senne lammens highlights vs arsenal,r/RedDevils
2026-01-26,talk devils man united win arsenal champions leaguebound?,r/RedDevils
2026-01-25,schweinsteiger x keep going michael carrick,r/RedDevils
2026-01-25,lisandro martnez hugging dad away end game sky,r/RedDevils
2026-01-25,"harry maguire lose single duel, ground air, 97 minutes arsenal. best cb pitch.",r/RedDevils
2026-01-26,daily discussion,r/RedDevils
2026-01-25,cunha instagram freaking biggest,r/RedDevils
2026-01-25,harry maguire premier league player match award,r/RedDevils
2026-01-25,carrick vs arteta reaction cunhas goal arsenal,r/RedDevils
2026-01-25,patrick dorgu ig position smash it.,r/RedDevils
2026-01-26,senne lammens defensive aerial stats vs arsenal,r/RedDevils
2026-01-26,manchester united player availability tracker 2526 february update,r/RedDevils
2026-01-25,ashley young away days yanited yanited yanited,r/RedDevils
2026-01-25,amads reply arsenal fan x,r/RedDevils
2026-01-25,bruno ig ballon dorgu,r/RedDevils
